,question,contexts,context_relevancy
0,Loading and displaying local Images in Java Applet,"['To load and display local images in a Java Applet, you should use the following strategies:\n\n1. Create an Image object: You can use the getImage method provided by the Applet class to load your image. Make sure the image file is in the same directory as your Applet class file or provide the appropriate path. Here\'s an example:\n```java\nImage image = getImage(getCodeBase(), ""image.jpg"");\n```\n\n2. Display the Image: Use the drawImage method to display the loaded Image on your Applet. You might also need to extend the Applet class or use relevant classes like Swing\'s JLabel or Processing\'s PImage class depending on your project\'s requirements.\n\n3. Handling Exceptions: The getImage method might throw an IOException, so it\'s recommended to handle this exception using a try-catch block.\n\n4. Loading Images Asynchronously: To improve the performance of your Applet, consider loading images asynchronously using techniques like MediaTracker or ImageObserver. This allows your Applet to continue initializing other components while the images load in the background.\n\n5. Using ImageIO: If you\'re loading images from the jar file, you can use the ImageIO class. Remember that the image files need to be included in the jar file. Here\'s an example:\n```java\nClassLoader classLoader = Thread.currentThread().getContextClassLoader();\nImageIcon icon = new ImageIcon(classLoader.getResourceAsStream(""image.png""));\n```\n\nMake sure to have the necessary imports for all the classes mentioned above before using them in your code.']",0.9523809523809523
1,Classloader in Applet: Cant access files,"[""According to my search, you may be experiencing an issue with your classloader due to a number of reasons such as naming conflicts, loading classes externally, or misconfiguration leading to HTTP connection failure. \n\nHere are some possible solutions to fix the issues you may be facing:\n1. If your classes are in a separate directory, you can package them into a jar file and treat them like any other resource.\n2. Make sure that your HTML file including the <applet> tag is configured correctly. This includes checking if the class you are trying to load matches the HTML file's location and if the class and its constructor are both public.\n3. As signed applets have more privileges, consider signing your applet and enabling permissions to create new classloaders. This may allow you to load classes externally.\n4. Check if your version of Java is up to date. Sometimes older versions of Java may not be able to load certain classes.""]",1.0
2,How to access a file in a Java Applet?,"[""Due to security reasons, Java applets are restricted from accessing the local file system. However, there are some workarounds to this issue.\nOne way is to digitally sign the code using a valid code signing certificate which will allow the applet to access the local file system or execute system calls after the user ticks the 'always allow' box. Another mentioned method is to request the server the applet resides on to write to its own file system.""]",1.0
3,how to set JFrame background transparent but JPanel or JLabel Background opaque?,"[""To set a transparent background on a JFrame, first make sure your JFrame extends the JFrame class. Then, use the following code:\n```java\nsetUndecorated(true);\nsetBackground(new Color(1.0f,1.0f,1.0f,0.0f));\n```\nThe fourth parameter in the Color constructor is the alpha channel, which can take a value between 0.0f and 1.0f, where 0.0f is completely transparent, and 1.0f is completely opaque. \n\nTo make the background of a JPanel opaque, simply use the following code:\n```java\npanel.setOpaque(true);\n```\nThis will ensure that the JPanel's background is painted completely, without any transparency.""]",0.9166666666666666
4,How to set a transparent background of JPanel?,"[""To make a JPanel have a transparent background, you need to use the following code:\n```java\npanel.setOpaque(false);\n```\nHowever, this will only make the background transparent and not any components within the panel. To make the components within the panel visible, you need to set the opaque property of the panel to true:\n```java\nfirstPanel.setOpaque(true);\n```\nAn alternative way to make the background of the JPanel transparent is to use the following code:\n```java\npanel.setBackground(new Color(r, g, b, a));\n```\nHere, the last parameter 'a' is the alpha value and determines the level of transparency.\n\nIf you want a semi-transparent JPanel, create a Color object with an alpha value between 0 and 255, where 0 is invisible and 255 is completely opaque. For example, the following code would make the panel semi-transparent:\n```java\npanel.setBackground(new Color(0, 0, 0, 125));\n```""]",0.47368421052631576
5,How to make JFrame background and JPanel transparent with only image showing,"['To make a JFrame background and JPanel transparent, you need to follow multiple approaches depending on the requirement. Here are some solutions:\n\n1. Set the background colour of the JFrame to a colour with an alpha value of 0, and turn off the opacity of the content pane.\n2. Use the restricted API class AWTUtilities and its method setWindowOpacity() to change the opacity of the window.\n3. For a JPanel, call the setOpaque(false) function. You can also set the background to a colour with a transparent alpha value, for example, new Color(0, 0, 0, 0).\n4. Override the paintComponent() method in the JPanel class and use the AlphaComposite.getInstance() method to set the background transparency.']",1.0
6,java: How to add Transparent Gradient Background to JFrame,['nan'],1.0
7,Swing: Obtain Image of JFrame,"[""Here is an example of a JFrame:\n\n! [JFrame Example]('JFrame_Example.png')""]",1.0
8,Transparent JFrame background,"['To make a JFrame background transparent, you can use the following methods:\n- frame.setUndecorated(true) - followed by setting the background colour to a transparent colour using setBackground(new Color(0, 0, 0, 0)).\n- setOpacity(0.50f) - where the opacity can vary from 0.0f to 1.0f, depending on the transparency desired.\n- Using the Glass Pane, discussed in the article How to Use Root Panes.\n- frame.setBackground(new Color(1.0f,1.0f,1.0f,0.5f)) - where the last parameter sets the alpha value and can be adjusted for the required transparency.']",1.0
9,Java Serializable Object to Byte Array,"[""You can convert a Java Serializable Object to a byte array using the following methods:\n\n1. Using SerializationUtils from Apache Commons Lang:\n```java\nbyte[] data = SerializationUtils.serialize(yourObject);\n```\n\n2. Using ObjectOutputStream and ByteArrayOutputStream classes:\n```java\nstatic byte[] serialize(final Object obj) {\n    ByteArrayOutputStream bos = new ByteArrayOutputStream();\n    try (ObjectOutputStream out = new ObjectOutputStream(bos)) {\n        out.writeObject(obj);\n        out.flush();\n        return bos.toByteArray();\n    } catch (Exception ex) {\n        throw new RuntimeException(ex);\n    }\n}\n```\n\n3. Using ObjectMapper class:\n```java\nObjectMapper objectMapper = new ObjectMapper();\nbyte[] data = objectMapper.writeValueAsBytes(object);\n```\n\n4. Using the serialize method which involves manually serializing the object's components.""]",0.9166666666666666
10,JSONObject Not Serializable?,"['A JSONObject is not JSON serializable because JSON comes from Javascript and there is no data type like Python\'s ""set"" in Javascript. Therefore, Python\'s JSON serializer, json.dumps, does not support the data type set.\n\nTo make a JSONObject JSON serializable, one solution is to use a custom serializer. For example, in your code, you could use a custom default handler:\n```python\ndef set_default(obj):\nif isinstance(obj, set):\nreturn list(obj)\nraise TypeError\nresult = json.dumps(yourdata, default=set_default)\n```']",0.9090909090909091
11,Convert InputStream to byte array in Java,['nan'],1.0
12,Java: InputStream too slow to read huge files,"[""Here are some reasons why you might be experiencing slow read speeds from your InputStream: \n1. **Small Buffer Size** - A small buffer size can slow down the reading process. It is recommended to use a larger buffer size, such as 1000 bytes or more.\n2. **Reading Each Byte Individually** - Reading each byte individually can be inefficient. Consider reading a larger number of bytes at once.\n3. **Frequent Flushing** - Frequent flushing of the output stream can slow down the process. It's better to flush the stream outside the while loop.\n4. **Network Speed** - The time taken to read the input stream might be limited by the network speed or the speed of the hardware components being accessed.\n5. **Method Dispatch** - Java might be getting bogged down due to method dispatch, especially if your code involves a large number of method calls.\n\nHere's an example of how to use a larger buffer size and read bytes in batches:\n```java\nbyte[] buffer = new byte[1000]; // Or a larger buffer size if needed\nint i = 0;\nwhile((i = inputStream.read(buffer)) != -1){\noutputStream.write(buffer, 0, i);\n// No need to flush here\n}\n```\n\nMake sure you close your input and output streams after use:\n```java\ninputStream.close();\noutputStream.close();\n```""]",0.7083333333333334
13,Loading images using an InputStream,"['Here is a possible solution to load images using an InputStream:\n\n```java\nInputStream is = file.getInputStream();\nImage image = ImageIO.read(is);\nBufferedImage bi = this.createResizedCopy(image, 180, 180, true);\nImageIO.write(bi, ""jpg"", new File(""C:\\\\ImagenesAlmacen\\\\QR\\\\olaKeAse.jpg""));\n```\n\nThe code uses the `ImageIO.read()` method to read the input stream and create a BufferedImage.']",1.0
14,How do I read bytes from InputStream?,"['You can read bytes from an InputStream by first creating a ByteArrayOutputStream and then using a while loop to read each byte from the InputStream and write it to the ByteArrayOutputStream. Here is an example of this in action:\n```java\nInputStream is = ...;\nByteArrayOutputStream buffer = new ByteArrayOutputStream();\nint nRead;\nbyte[] data = new byte[16384];\nwhile ((nRead = is.read(data, 0, data.length)) != -1) {\nbuffer.write(data, 0, nRead);\n}\nreturn buffer.toByteArray();\n```\nYou can also use third-party libraries to help you, such as Apache Commons IO or Google Guava. Here is an example using Apache Commons IO:\n```java\nbyte[] bytes = IOUtils.toByteArray(is);\n```']",0.4444444444444444
15,FileInputStream read until last 128 bytes of file,"['You can use the following code to read the last 128 bytes from a file using a FileInputStream:\n```java\nimport java.io.FileInputStream;\nimport java.io.IOException;\n\npublic class Main {\npublic static void main(String[] args) {\ntry {\nFileInputStream is = new FileInputStream(""1.txt"");\nFileChannel ch = is.getChannel();\nlong len = ch.size(); \nbyte[] last128 = new byte[(int)len - 128];\nis.read(last128);\n// now you have the last 128 bytes in the \'last128\' array\n} catch (IOException e) {\ne.printStackTrace();\n}\n}\n}\n```\nMake sure to change the string in the FileInputStream constructor to the location of your file.']",0.7
16,Converting json from a file to a java Object,"['There are many ways to convert a JSON file into a Java object. Here are some of them:\n1. Using Google\'s Gson library:\nGson gson = new Gson();\nJsonReader reader = new JsonReader(new FileReader(filename));\nYourPojo data = gson.fromJson(reader, YourPojo.class);\n\n2. Using Jackson library:\nObjectMapper mapper = new ObjectMapper();\nInputStream is = Test.class.getResourceAsStream(""/test.json"");\ntestObj = mapper.readValue(is, Test.class);\n\n3. Using JSON-simple library:\nJSONParser parser = new JSONParser();\nObject obj = parser.parse(new FileReader(""c:\\\\file.json""));\nJSONObject jsonObject = (JSONObject) obj;\nThen extract data as needed.\n\n4. Using Spring Framework:\n@Transactional\npublic Object getFileInternalJsonData(String filename) {\ntry {\nByteArrayResource inputStream = new ByteArrayResource(Files.readAllBytes(Paths.get(""D:\\MyData\\test\\"" + File.separator + filename)));\nreturn new ObjectMapper().readValue(inputStream.getInputStream(), Object.class);\n} catch (Exception e) {\nreturn new JSONObject().appendField(""error"", e.getMessage());\n}\n}There are many ways to convert a JSON file into a Java object. Here are some of them:\n1. Using Google\'sGson library:\nGson gson = new Gson();\nJsonReader reader = new JsonReader(new FileReader(filename));\nYourPojo data = gson.fromJson(reader, YourPojo.class);\n\n2. Using Jackson library:\nObjectMapper mapper = new ObjectMapper();\nInputStream is = Test.class.getResourceAsStream(""/test.json"");\ntestObj = mapper.readValue(is, Test.class);\n\n3. Using JSON-simple library:\nJSONParser parser = new JSONParser();\nObject obj = parser.parse(new FileReader(""c:\\\\file.json""));\nJSONObject jsonObject = (JSONObject) obj;\nThen extract data as needed.\n\n4. Using Spring Framework:\n@Transactional\npublic Object getFileInternalJsonData(String filename) {\ntry {\nByteArrayResource inputStream = new ByteArrayResource(Files.readAllBytes(Paths.get(""D:\\MyData\\test\\"" + File.separator + filename)));\nreturn new ObjectMapper().readValue(inputStream.getInputStream(), Object.class);\n} catch (Exception e) {\nreturn new JSONObject().appendField(""error"", e.getMessage());\n}\n}']",0.5849056603773585
17,Java/JAXB: Unmarshall XML attributes to specific Java Object attributes,"['You can use JAXB to unmarshall XML attributes to specific Java object attributes.\n\nAn example of this is having the XML attribute unmarshalled to a Boolean value in the corresponding Java object. You would need to add the following code to your XML Adapter:\n```java\n@XmlAttribute public Boolean getChanges() { return changes; }\npublic void setChanges(Boolean _value) { this.changes = _value; }\n```\n\nAlso, if you are using EclipseLink MOXy, you could use the @XmlDiscriminatorNode and @XmlDiscriminatorValue annotations to specify that the Java class should be determined based on a node value.']",0.875
18,Inserting Java Object to MongoDB Collection Using Java,"['To insert a Java object into a MongoDB collection, first ensure that you have a MongoDB instance running locally. Then, follow these steps:\n\n1. Create a MongoClient instance to connect to the MongoDB server.\n2. Use the MongoClient to get a handle on the required database.\n3. Create a Java object, or POJO, that matches the structure of the data you want to insert.\n4. Use a DBCollection to insert your POJO into the collection, or convert your POJO into a DBObject and insert that.\n\nHere is an example of the second step, creating the Java object:\n```java\nEmployee employee = new Employee();\nemployee.setNo(1L);\nemployee.setName(""yogesh"");\n```\nAnd here is an example of the fourth step, inserting the POJO into the collection:\n```java\nDBCollection employeeCollection = null;\nemployeeCollection = db.getCollection(""Employee"");\nemployeeCollection.save(employee);\n```']",1.0
19,Java - getting max value from an arraylist of Objects?,['One way to find the maximum value in a list or array in Java is by using the Collections class. The Collections class has a max method which returns the maximum value in a list. Here is an example of this being used on an ArrayList of Integers:\n```java\nArrayList<Integer> arrayList = new ArrayList<>();\narrayList.add(100);\nObject obj = Collections.max(arrayList);\nSystem.out.println(obj); // outputs: 100\n```'],1.0
20,Finding Largest String in ArrayList,"['Here\'s a possible solution to your problem:\n```java\nList<co: 0,1,2,3,4,5>String strings = Arrays.asList(""a"", ""bc"", ""c"");\nString max = strings.stream().max(Comparator.comparingInt(String::length)).get();\nSystem.out.println(max);\n```\nThe code uses the Collections.max() method to find the largest string in the array.']",0.7777777777777778
21,Strings written to file do not preserve line breaks,"['There can be many reasons why your strings are not preserving line breaks when written to a file. Here are some solutions that might help you :\n1. While reading the file, use LineNumberReader or BufferedReader instead of Scanner to read the file content. LineNumberReader provides similar functionality and treats all line endings the same. BufferedReader reads the content line by line and removes the newline characters.\n2. While writing the file, use the parameter newline=\'\' to retain the line breaks.\n3. If you are using Java, add the \\r characters along with the \\n characters to preserve line breaks on Windows. You can use the following code for this :\nTempHtml = TempHtml.replaceAll(""\\n"", ""\\r\\n"");\n4. Read the file in binary mode and then decode it into the required encoding. After doing the required operations, write the content back in binary mode. This way the line endings will not be altered.\n5. In Javascript, assign the value of the textarea to the innerText property of the target element to preserve the line breaks.']",1.0
22,Converting an int to a binary string representation in Java?,"['There are multiple ways to convert an integer to a binary string in Java. Here are some of them:\n```java\n// Using Integer.toBinaryString() method\nString binary = Integer.toBinaryString(int);\n\n// Using switch case\nString binary = """";\nfor(int i = 0; i < numBits; ++i, n/=2) {\n switch (n % 2) {\n    case 0: binary = ""0"" + binary; break;\n    case 1: binary = ""1"" + binary; break;\n}\n}\n\n// Using bitwise operators\nint nirbinary = (num1 << 24) | (num2 << 16) | (num3 << 8) | num4;\nString binary = Integer.toBinaryString(nirbinary);\n\n// Using getBytes() method\nString binary = """";\nfor (byte b : str.getBytes()) {\nbinary += Integer.toBinaryString(b);\n}\n```']",1.0
23,How to convert binary string value to decimal,"['There are multiple ways to convert a binary string to an integer in Java. Here are some of them:\n```java\n// Using Integer.parseInt() method\nint digit = Integer.parseInt(binaryString, 2);\n\n// Using Integer.toBinaryString() method\nString binary = Integer.toBinaryString(number);\n\n// Manual approach\npublic static int convertBinaryToDecimal(String str) {\n    int result = 0;\n    for (int i = 0; i &lt; str.length(); i++) {\n        int value = Character.getNumericValue(str.charAt(i));\n        result = result * 2 + value;\n    }\n    return result;\n}\n```']",0.4117647058823529
24,How to make a Java thread wait for another threads output?,"[""There are multiple ways to make a Java thread wait for another thread's output. Here are some of them:\n1. Using the Thread.join() method: This method allows one thread to wait for the completion of another. You can use this method in your main thread to wait for other threads.\n2. Using the ExecutorService interface: You can use the invokeAll() method which executes the given tasks and returns a list of Futures holding their status and results when everything is completed.\n3. Using CountDownLatch: You can use the CountDownLatch class from the java.util.concurrent package which helps in waiting for one or more threads to complete before continuing execution in the awaiting thread.\n4. Using CyclicBarrier: CyclicBarrier is a synchronization aid that allows a set of threads to wait for each other to reach a common barrier point.\n5. Using wait() and notify() methods: You can use the Object.wait() method to make a thread wait and the notify() method to release the waiting thread from another thread.""]",1.0
25,When does Javas Thread.sleep throw InterruptedException?,"[""Java's Thread.sleep() method throws an InterruptedException when the sleeping thread is interrupted by another thread. This can happen if, for example, Thread.interrupt()() is called on the sleeping thread.""]",1.0
26,Java: Thread.currentThread().sleep(x) vs. Thread.sleep(x),"['The `sleep()` function is a static method. Therefore, `Thread.sleep(x)` and `Thread.currentThread().sleep(x)` are identical in behavior. However, some sources recommend using the latter version as it indicates to other programmers that the sleep method is being applied to the current thread specifically, rather than another thread.\n\nThe sleep function is used to stop the execution of the current thread for a specified time. Both methods pause the current thread for the duration specified in the function and do not release any locks.\n\nThe sleep function throws an `InterruptedException`, which can be caught and handled by the programmer. Some sources recommend including this in your code, while others provide methods that deal with the interruption exception internally.\n\nThe sleep function also comes in two other forms:\n\n1. `public static void sleep(long millis)`\n2. `public static void sleep(long millis, int nanos)`\n\nBoth of these methods are native and throw an `InterruptedException` or `IllegalArguementException` if the sleep time is negative.']",0.9166666666666666
27,How a thread should close itself in Java?,"[""Generally, a thread will end itself when the run method it contains finishes executing and returns. If you want a thread to end earlier than this, you can set a volatile boolean flag that the thread checks periodically, or use the interrupt() method to request the thread's termination. Both of these approaches rely on the thread itself checking whether it should terminate, and can therefore be circumvented by the thread's code.\n\nIt is also possible to forcefully end a thread using Thread.stop(), but this method is deprecated because it's unsafe - it unlocks all the monitors that the thread has locked, which could leave the objects protected by these monitors in an inconsistent state.""]",1.0
28,Java sending and receiving file (byte[]) over sockets,"['There are many ways to send and receive files using sockets in Java. Here\'s a simple example:\n```java\n//Server side code\nServerSocket serverSocket = null;\nSocket socket = null;\nserverSocket = new ServerSocket(4444);\nsocket = serverSocket.accept();\nDataOutputStream out = new DataOutputStream(socket.getOutputStream());\nDataInputStream in = new DataInputStream(socket.getInputStream());\nbyte[] bytes = new byte [1024];\nin.read(bytes);\nSystem.out.println(bytes);\nFileOutputStream fos = new FileOutputStream(""outputFile.txt"");\nfos.write(bytes);\n//Client side code\nSocket socket = new Socket(""127.0.0.1"", 4444);\nDataOutputStream out = new DataOutputStream(socket.getOutputStream());\nFile file = new File(""inputFile.txt"");\nbyte[] bytes = new byte[(int) file.length()];\nDataInputStream in = new DataInputStream(new FileInputStream(file));\nout.write(bytes);\nout.close();\n```\nIn this example, the client sends the bytes of the file \'inputFile.txt\' to the server, and the server saves these bytes in a file called \'outputFile.txt\'. Note that this is just a simple example, and in your code, you will need to add exception handling and error checking.']",1.0
29,Sending compressed JPG image over socket,['nan'],1.0
30,Authentication during connection to MongoDB server instance using Java,"['To authenticate your connection to a MongoDB server instance in Java, you can use either MongoCredential or MongoClientURI.\n\n## Using MongoCredential:\nList<ServerAddress> seeds = new ArrayList<ServerAddress>();\nseeds.add(new ServerAddress(""localhost""));\nList<MongoCredential> credentials = new ArrayList<MongoCredential>();\ncredentials.add(MongoCredential.createScramSha1Credential(configuration.getMongoUser(), configuration.getMongoDb(), configuration.getMongoPassword().toCharArray()));\nMongoClient mongo = new MongoClient(seeds, credentials);\n\nOr, alternatively,\nMongoCredential credential = MongoCredential.createCredential(""user"", ""database"", ""passwd"".toCharArray());\nMongoClient mongoClient = new MongoClient(new ServerAddress(""localhost"", 27017), Arrays.asList(credential));\n\n## Using MongoClientURI:\nMongoClientURI uri = new MongoClientURI(""mongodb://userId:password@hostName:port/dbName"");\nMongoClient mongoClient = new MongoClient(uri);\nMongoDatabase db = mongoClient.getDatabase(""yourdatabasename"");\n\nMake sure that you have the correct dependencies in your Pom.xml file:\n```xml\n <dependency> <groupId>org.mongodb</groupId> <artifactId>mongo-java-driver</artifactId> <version>3.0.0</version> </dependency>\n```']",0.85
31,How to get database url from java.sql.Connection?,"['To get the database URL from a `java.sql.Connection`, you can use the following code:\n```java\nDatabaseMetaData dmd = connection.getMetaData();\nString url = dmd.getURL();\n```\nThis gets the `DatabaseMetaData` object from the `Connection` object, and then uses the `getURL()` method to retrieve the URL.']",1.0
32,How to get database schema name when using oracle jdbc connection?,['nan'],1.0
33,Connect Java to a MySQL database,"['To connect a Java application to a MySQL database, you need to:\n\n1. Import the sql package: import java.sql.*\n2. Register the JDBC driver: Class.forName(""com.mysql.jdbc.Driver""). This step requires you to include the driver so you can open a communication channel with the database.\n3. Open a connection using the DriverManager.getConnection() method. This step creates a Connection object, which represents a physical connection with the database. The syntax is DriverManager.getConnection(“jdbc:mysql://localhost:3306/databaseName”, “username”, “password”).\n4. Create a statement object: Statement st = con.createStatement().\n5. Perform SQL queries on the database.\n6. Create a ResultSet object and execute the query.\n7. Remember to close the connection after you\'re done.\n\nYou may also need to add the MySQL JDBC driver to your classpath, depending on your setup.']",1.0
34,Should you set up database connection properties in server.xml or context.xml,"['There are different approaches to setting up database connection properties. Some sources recommend placing the properties in the server.xml file while others suggest using the context.xml file. Both files are used by the Tomcat server, the context.xml file is loaded for each web application while the server.xml file contains configuration information that is applied across all web applications.\n\nUsing the server configuration file, such as server.xml, to store the connection properties is said to be a good practice as it allows the same WAR file to be copied to different servers without any modifications. This approach requires the database connection to be managed by the server and linked to the application through a ResourceLink in the context.xml file.\n\nAnother proposed method is using Spring and placing the connection properties in a Spring configuration file, e.g. spring.xml, or in a .properties file. The Spring configuration file can be loaded using a ServletContextListener in the context.xml file. This approach allows for the connection to be established within the application.']",1.0
35,HSQLDB delete row(s) from JDBC resultset,"['To delete a row from a JDBC resultset in HSQLDB, you should first create a Statement object with the following parameters:\n```java\nStatement stmt = connection.createStatement(ResultSet.TYPE_SCROLL_INSENSITIVE, ResultSet.CONCUR_UPDATABLE);\n```\n\nOr, if you are using a PreparedStatement:\n```java\nPreparedStatement prepStmt = dbCon.prepareStatement(sqlStr, ResultSet.TYPE_SCROLL_INSENSITIVE, ResultSet.CONCUR_UPDATABLE);\n```\n\nThen, simply call the deleteRow() method on your ResultSet object.']",1.0
36,How to programmatically create a Java ResultSet from custom data with no database,"['You can programmatically create a Java ResultSet from custom data without a database by doing the following:\n1. Create a class that implements the ResultSet interface. This is because ResultSet is a final class and cannot be inherited.\n2. Alternatively, you can create a dynamic proxy class of the ResultSet interface and implement only the methods that you need.\n3. Use a mocking framework such as Mockito to mock a ResultSet and populate it with custom data.\n4. Use third-party libraries such as jOOQ, MockRunner, or CsvJdbc to create a ResultSet from custom data.']",1.0
37,Retrieve column names from java.sql.ResultSet,"['To retrieve column names from a **java.sql.ResultSet** you can use the **getColumnName()** method of the **ResultSetMetaData** interface. This method accepts an integer value representing the index of a column and returns a String value representing the name of the specified column.\n\nAlternatively, the **getMetaData()** method can also be used to retrieve the column names. This method returns a **ResultSetMetaData** interface object which can then be used to obtain the column names.']",1.0
38,How to sort a Map by Value (ArrayList) size in Java?,"['You can sort a Map by the size of its ArrayList values using the following approach:\n1. Create a new class ValueComparator implementing the Comparator interface.\n2. In the compare method of the ValueComparator class, compare the size of the two ArrayLists corresponding to the current Map entries being compared.\n3. Use a TreeMap with the ValueComparator as the argument in its constructor to sort the Map based on the ArrayList sizes.\n\nHere\'s the code:\n```java\nimport java.util.*;\n\nclass ValueComparator implements Comparator{\nprivate final Map<co: 1,5><String, List<String> map;\n\npublic ValueComparator(final Map<String, List<String> map) {\nthis.map = map;\n}\n\n@Override\npublic int compare(String s1, String s2) {\nList<String> list1 = map.get(s1);\nList<String> list2 = map.get(s2);\nreturn list2.size() - list1.size();\n}\n}\n\npublic static void main(String[] args) {\nMap<String, List<String> map = new HashMap();\n// Populate map ...\n\nMap<String, List<String> sortedMap = new TreeMap<>(new ValueComparator(map));\nsortedMap.putAll(map);\n\nfor (String key : sortedMap.keySet()) {\nSystem.out.println(key + "" => "" + sortedMap.get(key));\n}\n}\n```']",0.3333333333333333
39,How to convert comma-separated String to ArrayList?,"['Here is a method to convert a comma-separated string to an ArrayList in Java:\n```java\nimport java.util.ArrayList;\nimport java.util.Arrays;\nimport java.util.List;\n\npublic class Test {\npublic static void main(String[] args) {\nString commaSeparated = ""item1 , item2 , item3""; \nList<String> items = new ArrayList<>(Arrays.asList(commaSeparated.split(""\\\\s*,\\\\s*)));\nSystem.out.println(items); #output: [item1, item2, item3]\n}\n}\n```']",0.5384615384615384
40,How to get ArrayList<Integer> and Scanner to play nice?,"[""To integrate ArrayList<Integer> and Scanner in Java, you need to follow these steps:\n\n1. Create an ArrayList< Integer> called 'list'.\n2. Use a Scanner to capture the user's input, which should be in the form of integers separated by whitespaces.\n3. Use a while loop to keep adding user input to the ArrayList until a non-integer value is entered.\n\nHere is some example code:\n`java\nimport java.util.*;\npublic class CyclicShiftApp{\npublic static void main(String[] args){\nScanner scan = new Scanner(System.in);\nArrayList<Integer> list = new ArrayList<Integer>();\nwhile(scan.hasNextInt()){\nlist.add(scan.nextInt());\n}\n`""]",1.0
41,JAXB java.util.Map to key value pairs,['nan'],1.0
42,serialize json object which extends map,['nan'],1.0
43,Take a screenshot and save as Image in Java,"['Here is a way to take a screenshot and save it as an image in Java. This method uses the Robot class to capture the screen and save the image in a file:\n```java\nRobot robot = new Robot();\nDimension screenSize = Toolkit.getDefaultToolkit().getScreenSize();\nBufferedImage capture = robot.createScreenCapture(new Rectangle(screenSize));\nImageIO.write(capture, ""bmp"", new File(""screenshot.bmp""));\n```']",1.0
44,Is there a way to take a screenshot using Java and save it to some sort of Image?,"['It is possible to take a screenshot using Java and save it as an image. Here is a general approach:\n1. Import the necessary packages, including `java.awt.Robot`, `java.awt.image.BufferedImage`, and `javax.imageio.ImageIO`.\n2. Use a `Robot` instance to create a screen capture saved in a `BufferedImage` variable.\n3. Use the `ImageIO.write()` method to write the contents of the `BufferedImage` to a file.\n\nHere is an example code snippet that demonstrates these steps:\n```java\nimport java.awt.Robot;\nimport java.awt.image.BufferedImage;\nimport javax.imageio.ImageIO;\n\npublic class Screenshot {\npublic static void main(String[] args) throws Exception {\nRobot robot = new Robot();\nBufferedImage image = robot.createScreenCapture(new Rectangle(Toolkit.getDefaultToolkit().getScreenSize()));\nImageIO.write(image, ""png"", new File(""screenshot.png""));\n}\n}\n```\nThis code will create a PNG image of the entire screen and save it to a file named `screenshot.png`.\n\nThere are also third-party libraries, such as JavaCV, which can be used to capture screenshots. Note that some methods for capturing screenshots are specific to certain operating systems or set-ups, such as using `Xvfb` for Ubuntu.']",0.5
45,"Java- Write Text onto Image, then Write to Output File","['Here\'s an example program in Java that writes text onto an image and saves the new image to a file:\n```java\nimport java.awt.Color;\nimport java.awt.Font;\nimport java.awt.FontMetrics;\nimport java.awt.Graphics2D;\nimport java.awt.RenderingHints;\nimport java.awt.image.BufferedImage;\nimport java.io.File;\nimport java.io.IOException;\nimport javax.imageio.ImageIO;\n\npublic class ImageWriter {\n\npublic static void main(String[] args) {\nString text = ""Hello World"";\nBufferedImage image = createImageWithText(text);\nsaveImage(image, ""output.jpg"");\n}\n\npublic static BufferedImage createImageWithText(String text) {\nBufferedImage bufferedImage = new BufferedImage(1, 1, BufferedImage.TYPE_INT_RGB);\nGraphics2D g2d = bufferedImage.createGraphics();\nFont font = new Font(""Arial Black"", Font.BOLD, 20);\ng2d.setFont(font);\nFontMetrics fm = g2d.getFontMetrics();\nint width = fm.stringWidth(text);\nint height = fm.getHeight();\nbufferedImage = new BufferedImage(width, height, BufferedImage.TYPE_INT_RGB);\ng2d = bufferedImage.createGraphics();\ng2d.setColor(Color.BLACK);\ng2d.setFont(font);\ng2d.drawString(text, 0, fm.getAscent());\ng2d.dispose();\nreturn bufferedImage;\n}\n\npublic static void saveImage(BufferedImage image, String filePath) {\nFile file = new File(filePath);\ntry {\nImageIO.write(image, ""jpg"", file);\nSystem.out.println(""Image saved"");\n} catch (IOException e) {\ne.printStackTrace();\n}\n}\n}\n```']",1.0
